<?xml version="1.0" encoding="UTF-8"?>
<!DOCTYPE mapper  PUBLIC "-//mybatis.org//DTD Mapper 3.0//EN" "http://mybatis.org/dtd/mybatis-3-mapper.dtd">

<mapper namespace="com.lcb404.mapper.MissReplyMapper">
	<insert id="replyRegist">
		insert into missReply(mrno,mno,reply,replyId,replyPw)
		values(mrno_seq.nextval,#{mno},#{reply},#{replyId},#{replyPw})
	</insert>
	
	<select id="getList" resultType="MissReplyVO">	
	 <![CDATA[
	 select * from
			(select rownum as rn,
	       mrno,
    	   mno,
      	   reply,
       	   replyId,
       	   replyPw,
       	   replyDate       	   
						from (select * from missReply where mno = #{mno} order by mrno desc))
			where rn > (#{cri.pageNum}-1)*#{cri.amount} and rn <=#{cri.pageNum}*#{cri.amount}
	 ]]>
	</select>
	
	<select id="getTotal" resultType="int">
		select count(*) as mno from missReply where mno = #{mno}
	</select>
	
	<!--  
	<select id="getReplyPw" resultType = "int">
		select count(*) as result 
		from freereply where rno = #{rno} and replyPw = #{replyPw}
	</select>
	-->
	<select id="getReplyPw" resultType="String">
		select replyPw from missReply where mrno = #{mrno}
	</select>
	
	<update id="replyUpdate">
		update missReply set reply = #{reply}, replydate=sysdate where mrno = #{mrno}
	</update>
	
	<delete id="replyDelete">
		delete from missReply where mrno = #{mrno}
	</delete>
</mapper>