<?xml version="1.0" encoding="UTF-8"?>
<!DOCTYPE mapper PUBLIC "-//mybatis.org//DTD Mapper 3.0//EN" "http://mybatis.org/dtd/mybatis-3-mapper.dtd">

<mapper namespace="com.lcb404.mapper.NoticeBoardMapper">
	<insert id="regist">
		insert into noticeBoard(tno, title, writer, content)
		values (tno_seq.nextval,#{title},#{userId},#{content})
	</insert>
	<select id="getList" resultType="NoticeBoardVO">
	<![CDATA[
		select * from
		(select rownum as rn, tno, writer, title, content, regdate from 
		(select * from noticeBoard where 
		]]>
	<choose>
		<when test="searchKey==null or searchKey==''">1=1</when>
		<otherwise>title like '%'||#{searchKey}||'%'</otherwise>
	</choose>
	
	<![CDATA[
			order by tno desc
		)) where rn>(#{pageNum}-1) * #{amount}  and rn<= #{pageNum} * #{amount}
		]]>
	</select>
	<select id="getTotal" resultType="int">
				select count(*) from noticeBoard where 
		
		<choose>
		
		<when test="searchKey==null or searchKey==''">1=1</when>
		<otherwise>title like '%'||#{searchKey}||'%'</otherwise>
		
		</choose>
	</select>
	
	<select id="getContent" resultType="NoticeBoardVO">
		select * from noticeBoard where tno = #{tno} 
	</select>
	
	<update id="getUpdate">
		update noticeBoard set title=#{title}, writer=#{writer}, content=#{content} where tno=#{tno} 
	</update>

	<delete id="getDelete">
		delete from noticeBoard where tno = #{tno} 
	</delete>
	
</mapper>