<?xml version="1.0" encoding="UTF-8"?>
<!DOCTYPE mapper  PUBLIC "-//mybatis.org//DTD Mapper 3.0//EN" "http://mybatis.org/dtd/mybatis-3-mapper.dtd">
<mapper namespace="com.lcb404.mapper.QNABoardMapper">

<insert id = "QNAregist" >
insert into QNA(qna_number,members_id,qna_place,qna_hpnum1,qna_hpnum2,qna_hpnum3,qna_email,qna_title,qna_content)
values(qna_sequence.nextval,#{members_id},#{qna_place},#{qna_hpnum1},#{qna_hpnum2},#{qna_hpnum3},#{qna_email},#{qna_title},#{qna_content})
</insert>

<select id = "QNAgetList" resultType="QNABoardVO" >
<![CDATA[
      select * from
      (select rownum as rn, qna_number, members_id, qna_title, qna_regdate from 
      (select * from QNA where 
      ]]>
   <choose>
      <when test="searchKey==null or searchKey==''">1=1</when>
      <otherwise>qna_title like '%'||#{searchKey}||'%'</otherwise>
   </choose>
   
   <![CDATA[
         order by qna_number desc
      )) where rn>(#{pageNum}-1) * #{amount}  and rn<= #{pageNum} * #{amount}
      ]]>
</select>

<select id="getTotal" resultType="int">
            select count(*) from QNA where 
      
      <choose>
      
      <when test="searchKey==null or searchKey==''">1=1</when>
      <otherwise>qna_title like '%'||#{searchKey}||'%'</otherwise>
      
      </choose>
   </select>
<select id="getContent" resultType="QNABoardVO">
		select * from QNA where qna_number = #{qna_number}
	</select>
<update id="Update">
		update QNA set qna_title=#{qna_title}, qna_content=#{qna_content} where qna_number=#{qna_number}
	</update>
	<delete id="delete">
		delete from qna where qna_number = #{qna_number}
	</delete>
</mapper>