<?xml version="1.0" encoding="UTF-8"?>
<!DOCTYPE mapper
  PUBLIC "-//mybatis.org//DTD Mapper 3.0//EN"
  "http://mybatis.org/dtd/mybatis-3-mapper.dtd">
  <mapper namespace="com.lcb404.mapper.UserMapper">
  
  <select id="IdCheck" resultType="int">
		select count(*) as total from MEMBERS where MEMBERS_ID = #{MEMBERS_ID}
	</select>
  
  
  <insert id="join">
		insert into MEMBERS(MEMBERS_ID, MEMBERS_PW, MEMBERS_NAME, MEMBERS_NICKNAME, MEMBERS_PHONE, MEMBERS_EMAIL, addrZipNum, addrBasic, addrDetail)
		values(#{MEMBERS_ID},#{MEMBERS_PW},#{MEMBERS_NAME},#{MEMBERS_NICKNAME},#{MEMBERS_PHONE},#{MEMBERS_EMAIL},#{addrZipNum}, #{addrBasic}, #{addrDetail} )
  </insert>
  	
  <select id="login" resultType="int">
		select count(*) as count from MEMBERS
		where MEMBERS_ID = #{MEMBERS_ID} and MEMBERS_PW = #{MEMBERS_PW}
	</select>
  
  <select id="userInfo" resultType="UserVO">
		select * from MEMBERS where MEMBERS_ID = #{MEMBERS_ID}
	</select>
  
	<update id="Update">
		update MEMBERS set MEMBERS_NICKNAME=#{MEMBERS_NICKNAME}, MEMBERS_PHONE=#{MEMBERS_PHONE}, MEMBERS_EMAIL=#{MEMBERS_EMAIL},addrZipNum=#{addrZipNum},addrBasic=#{addrBasic},addrDetail=#{addrDetail} where MEMBERS_ID=#{MEMBERS_ID}
	</update>
	<delete id="delete">
		delete from MEMBERS where MEMBERS_ID = #{MEMBERS_ID}
	</delete>
  </mapper>